Source	Target
1	269
1	270
1	271
1	272
1	531
1	559
2	11
2	12
2	13
2	14
2	15
2	24
2	26
2	28
2	31
2	34
2	46
2	49
2	50
2	54
2	57
2	63
2	66
2	73
2	74
2	78
2	81
2	85
2	100
2	101
2	103
2	104
2	105
2	109
2	110
2	113
2	121
2	122
2	128
2	142
2	161
2	170
2	201
2	203
2	205
2	220
2	225
2	232
2	233
2	240
2	243
2	252
2	277
2	278
2	279
2	280
2	281
2	306
2	311
2	315
2	316
2	318
2	319
2	320
2	324
2	332
2	338
2	368
2	370
2	373
2	393
2	394
2	395
2	397
2	406
2	414
2	421
2	422
2	423
2	425
2	427
2	441
2	463
2	464
2	468
2	471
2	473
2	481
2	489
2	490
2	495
2	497
2	500
2	507
2	510
2	513
2	517
2	522
2	530
2	532
2	533
2	536
2	538
2	539
2	543
2	546
2	557
2	558
2	571
2	578
2	580
2	592
2	612
2	613
2	623
2	637
2	642
2	647
2	648
2	649
2	650
2	657
2	671
2	672
2	673
2	674
2	681
2	688
2	689
2	690
2	691
2	692
2	702
2	717
2	719
2	721
2	723
2	725
2	728
2	730
2	731
2	750
2	756
2	765
2	774
2	790
2	799
2	813
2	816
2	819
2	820
2	821
2	825
2	834
2	840
2	841
2	842
2	846
2	854
2	855
2	857
2	858
2	862
2	863
2	867
2	880
2	881
2	884
2	885
2	886
2	903
2	917
2	919
2	925
2	934
2	954
3	17
3	120
3	159
3	193
3	217
3	244
3	249
3	299
3	624
3	632
3	633
3	668
3	708
3	746
3	752
3	868
3	902
3	914
4	64
4	172
4	230
4	309
4	339
4	550
4	740
4	943
5	52
5	64
5	79
5	114
5	179
5	188
5	314
5	520
5	567
5	581
5	827
6	24
6	100
6	101
6	170
6	323
6	370
6	533
6	612
6	680
6	759
6	869
6	934
7	181
7	298
7	472
8	43
8	479
8	480
10	18
10	66
10	205
10	206
10	372
10	543
10	578
10	594
10	766
10	804
10	926
11	12
11	47
11	63
11	81
11	105
11	107
11	113
11	414
11	490
11	511
11	512
11	513
11	517
11	578
11	657
11	670
11	691
11	760
11	819
11	820
11	839
11	846
11	855
11	857
12	45
12	50
12	54
12	66
12	240
12	282
12	293
12	318
12	319
12	433
12	439
12	441
12	465
12	490
12	491
12	511
12	517
12	543
12	568
12	578
12	670
12	691
12	738
12	742
12	819
12	820
12	834
12	855
12	856
12	857
12	866
12	921
13	14
13	15
13	22
13	26
13	49
13	54
13	57
13	63
13	66
13	73
13	74
13	77
13	103
13	104
13	105
13	109
13	121
13	122
13	140
13	142
13	164
13	205
13	216
13	232
13	233
13	240
13	278
13	279
13	280
13	281
13	311
13	315
13	316
13	324
13	332
13	338
13	368
13	373
13	393
13	394
13	397
13	406
13	422
13	423
13	427
13	468
13	471
13	473
13	489
13	495
13	500
13	507
13	510
13	516
13	517
13	532
13	538
13	539
13	543
13	546
13	578
13	580
13	623
13	637
13	639
13	640
13	642
13	647
13	648
13	649
13	650
13	657
13	671
13	672
13	674
13	688
13	689
13	692
13	702
13	728
13	730
13	731
13	765
13	790
13	813
13	819
13	820
13	834
13	841
13	842
13	854
13	861
13	862
13	903
13	919
13	925
13	928
13	944
14	26
14	34
14	45
14	46
14	50
14	54
14	63
14	66
14	103
14	105
14	109
14	128
14	142
14	201
14	205
14	212
14	240
14	252
14	266
14	278
14	279
14	280
14	281
14	311
14	315
14	320
14	338
14	347
14	421
14	468
14	471
14	489
14	497
14	516
14	517
14	538
14	539
14	543
14	571
14	578
14	579
14	580
14	621
14	647
14	648
14	649
14	650
14	657
14	689
14	702
14	728
14	730
14	731
14	750
14	765
14	767
14	819
14	820
14	834
14	841
14	842
14	849
14	854
14	863
14	867
14	903
14	954
15	23
15	83
15	122
15	162
15	163
15	164
15	165
15	166
15	216
15	233
15	250
15	281
15	313
15	315
15	333
15	385
15	427
15	501
15	502
15	504
15	538
15	539
15	580
15	637
15	642
15	658
15	676
15	677
15	679
15	688
15	689
15	702
15	819
15	820
15	854
15	917
15	919
15	925
15	947
16	40
16	226
16	227
17	24
17	100
17	101
17	120
17	159
17	193
17	217
17	244
17	249
17	299
17	545
17	624
17	632
17	633
17	668
17	708
17	746
17	752
17	860
17	868
17	934
18	66
18	205
18	206
18	372
18	543
18	578
18	594
18	766
18	804
18	926
19	36
19	49
19	154
19	368
19	466
19	546
19	641
19	682
19	912
20	21
20	118
20	131
20	141
20	177
20	181
20	182
20	184
20	196
20	224
20	234
20	304
20	461
20	525
20	610
20	663
20	665
20	704
20	875
20	879
20	896
20	935
20	941
21	131
21	177
21	182
21	184
21	224
21	234
21	304
21	461
21	525
21	663
21	704
21	875
21	896
21	935
22	32
22	107
22	113
22	350
22	401
22	413
22	414
22	507
22	513
22	516
22	538
22	539
22	689
22	748
22	773
22	776
22	801
22	802
22	854
22	863
22	876
22	878
22	928
23	83
23	122
23	163
23	164
23	165
23	216
23	218
23	250
23	333
23	385
23	501
23	502
23	617
23	637
23	919
23	920
23	947
24	63
24	81
24	100
24	101
24	105
24	110
24	121
24	170
24	316
24	370
24	422
24	423
24	425
24	465
24	481
24	482
24	510
24	532
24	533
24	578
24	657
24	671
24	672
24	673
24	674
24	680
24	711
24	756
24	790
24	799
24	819
24	820
24	862
24	934
24	937
25	123
25	185
25	217
25	249
25	299
25	589
25	590
25	624
25	633
25	692
25	708
25	752
25	773
25	874
25	888
25	902
25	904
26	37
26	46
26	49
26	54
26	63
26	66
26	103
26	105
26	109
26	130
26	185
26	201
26	205
26	240
26	278
26	279
26	280
26	281
26	306
26	315
26	368
26	410
26	421
26	424
26	468
26	471
26	489
26	500
26	517
26	519
26	530
26	538
26	539
26	543
26	546
26	558
26	578
26	580
26	636
26	642
26	647
26	648
26	649
26	650
26	657
26	689
26	690
26	697
26	702
26	730
26	731
26	750
26	765
26	819
26	820
26	834
26	841
26	842
26	854
26	867
26	903
26	936
27	72
27	115
27	116
27	117
27	155
27	156
27	157
27	437
27	603
28	32
28	77
28	103
28	161
28	203
28	205
28	228
28	233
28	305
28	342
28	414
28	446
28	495
28	513
28	662
28	692
28	765
28	819
28	820
28	825
28	852
28	863
28	888
29	300
29	326
29	328
29	621
30	82
30	95
30	126
30	191
30	432
30	780
31	63
31	105
31	179
31	188
31	232
31	281
31	287
31	294
31	295
31	311
31	315
31	316
31	338
31	350
31	405
31	413
31	414
31	495
31	507
31	510
31	513
31	567
31	580
31	657
31	661
31	665
31	671
31	672
31	674
31	776
31	819
31	820
31	821
31	863
31	880
32	75
32	161
32	203
32	205
32	212
32	350
32	413
32	414
32	421
32	513
32	558
32	654
32	659
32	660
32	685
32	709
32	830
32	863
32	876
33	84
33	94
33	167
33	302
33	354
33	430
33	437
33	583
33	786
33	789
34	78
34	85
34	109
34	128
34	142
34	232
34	252
34	311
34	338
34	489
34	497
34	571
34	578
34	728
34	730
34	731
34	774
34	819
34	820
34	858
34	954
35	116
35	606
35	768
36	49
36	154
36	368
36	466
36	546
36	641
36	682
36	912
37	208
37	226
37	278
37	279
37	280
37	406
37	410
37	468
37	471
37	636
37	647
37	648
37	649
37	650
37	797
37	816
37	841
37	842
38	39
38	44
38	63
38	105
38	106
38	121
38	128
38	242
38	251
38	252
38	316
38	422
38	423
38	500
38	535
38	551
38	664
38	691
38	790
38	792
38	833
38	839
38	840
38	909
38	937
39	44
39	63
39	105
39	106
39	121
39	128
39	242
39	251
39	252
39	316
39	422
39	423
39	500
39	535
39	551
39	664
39	691
39	790
39	792
39	833
39	839
39	840
39	909
39	937
40	226
40	227
40	621
41	153
41	427
41	619
41	825
41	829
41	831
41	832
42	48
42	51
42	110
42	510
42	600
42	601
42	607
42	671
42	672
42	674
42	756
42	757
42	866
43	479
44	106
44	476
44	477
44	551
44	664
44	937
45	54
45	109
45	142
45	240
45	257
45	266
45	320
45	347
45	489
45	490
45	511
45	517
45	571
45	728
45	834
45	855
45	857
45	954
46	63
46	103
46	105
46	109
46	201
46	220
46	278
46	279
46	280
46	306
46	410
46	418
46	420
46	421
46	468
46	471
46	488
46	517
46	530
46	558
46	636
46	647
46	648
46	649
46	650
46	657
46	718
46	719
46	720
46	721
46	722
46	723
46	765
46	819
46	820
46	841
46	842
46	863
46	867
47	107
47	113
47	140
47	372
47	512
47	639
47	640
47	927
48	51
48	110
48	510
48	600
48	601
48	607
48	671
48	672
48	674
48	756
48	757
48	866
49	73
49	104
49	151
49	185
49	278
49	279
49	280
49	306
49	368
49	393
49	468
49	471
49	530
49	538
49	539
49	546
49	623
49	641
49	642
49	647
49	648
49	649
49	650
49	689
49	692
49	702
49	819
49	820
49	841
49	842
49	854
49	912
50	54
50	66
50	103
50	109
50	146
50	205
50	240
50	305
50	428
50	439
50	490
50	517
50	543
50	554
50	568
50	670
50	765
50	819
50	820
50	834
50	855
50	857
50	863
50	866
50	880
51	236
51	292
51	601
51	607
51	793
51	866
52	57
52	79
52	88
52	114
52	281
52	314
52	315
52	373
52	495
52	520
52	580
52	581
52	717
52	821
52	827
53	517
53	600
53	622
53	670
53	753
53	754
53	891
54	57
54	63
54	66
54	73
54	74
54	103
54	104
54	105
54	109
54	121
54	142
54	205
54	220
54	232
54	233
54	240
54	257
54	266
54	277
54	278
54	279
54	280
54	281
54	311
54	315
54	316
54	318
54	319
54	320
54	338
54	347
54	373
54	387
54	393
54	394
54	397
54	406
54	422
54	423
54	427
54	441
54	463
54	464
54	468
54	471
54	489
54	490
54	495
54	500
54	507
54	510
54	517
54	532
54	538
54	539
54	543
54	557
54	571
54	578
54	580
54	592
54	613
54	623
54	638
54	642
54	647
54	648
54	649
54	650
54	657
54	671
54	672
54	674
54	689
54	692
54	702
54	717
54	718
54	719
54	720
54	721
54	722
54	723
54	728
54	730
54	731
54	765
54	790
54	819
54	820
54	821
54	834
54	841
54	842
54	854
54	855
54	857
54	862
54	880
54	881
54	884
54	885
54	886
54	903
54	925
55	548
55	662
55	739
55	744
56	137
56	138
56	287
56	405
56	880
56	930
57	63
57	66
57	73
57	74
57	104
57	105
57	220
57	232
57	240
57	281
57	314
57	315
57	320
57	334
57	373
57	378
57	379
57	393
57	394
57	397
57	406
57	489
57	495
57	510
57	538
57	539
57	543
57	557
57	563
57	571
57	578
57	580
57	592
57	613
57	623
57	657
57	671
57	672
57	674
57	689
57	702
57	717
57	719
57	721
57	723
57	728
57	819
57	820
57	821
57	834
57	854
57	880
57	881
57	884
57	885
57	886
57	903
58	76
58	92
58	115
58	117
58	129
58	155
58	156
58	157
58	176
58	220
58	258
58	267
58	282
58	321
58	325
58	354
58	416
58	444
58	534
58	566
58	574
58	583
58	586
58	587
58	603
58	604
58	669
58	719
58	720
58	721
58	722
58	723
58	781
58	810
58	811
58	826
59	354
59	781
59	810
60	233
60	377
60	387
60	388
60	469
60	638
60	905
60	922
61	275
61	276
61	303
61	330
62	99
62	110
62	213
62	221
62	222
62	243
62	260
62	394
62	395
62	397
62	398
62	505
62	510
62	557
62	671
62	672
62	674
62	756
62	799
62	891
62	917
63	66
63	73
63	81
63	100
63	101
63	103
63	104
63	105
63	106
63	107
63	109
63	110
63	113
63	121
63	132
63	140
63	142
63	161
63	201
63	203
63	205
63	220
63	225
63	232
63	233
63	240
63	243
63	278
63	279
63	280
63	281
63	306
63	311
63	315
63	316
63	338
63	373
63	393
63	394
63	397
63	406
63	414
63	421
63	422
63	423
63	425
63	427
63	468
63	471
63	473
63	481
63	489
63	495
63	500
63	507
63	510
63	513
63	517
63	530
63	532
63	538
63	539
63	543
63	558
63	578
63	580
63	623
63	639
63	640
63	642
63	647
63	648
63	649
63	650
63	657
63	671
63	672
63	673
63	674
63	688
63	689
63	692
63	702
63	719
63	721
63	723
63	728
63	730
63	731
63	756
63	765
63	790
63	799
63	813
63	819
63	820
63	821
63	834
63	841
63	842
63	854
63	862
63	863
63	867
63	880
63	903
63	928
63	934
64	114
64	172
64	309
64	339
64	550
64	740
65	793
65	797
66	73
66	74
66	103
66	104
66	105
66	109
66	121
66	142
66	205
66	206
66	220
66	232
66	233
66	240
66	277
66	278
66	279
66	280
66	281
66	311
66	315
66	316
66	318
66	319
66	320
66	338
66	373
66	393
66	394
66	397
66	406
66	422
66	423
66	424
66	427
66	428
66	441
66	463
66	464
66	468
66	471
66	489
66	490
66	495
66	500
66	507
66	510
66	517
66	519
66	532
66	538
66	539
66	543
66	554
66	557
66	571
66	578
66	580
66	592
66	613
66	623
66	642
66	647
66	648
66	649
66	650
66	657
66	664
66	671
66	672
66	674
66	689
66	692
66	702
66	717
66	719
66	721
66	723
66	728
66	730
66	731
66	732
66	733
66	765
66	790
66	804
66	819
66	820
66	821
66	834
66	841
66	842
66	854
66	855
66	857
66	862
66	880
66	881
66	884
66	885
66	886
66	903
66	925
66	936
67	70
67	119
67	290
67	390
67	394
67	453
67	454
67	455
67	457
67	462
67	536
67	596
68	225
68	232
68	421
68	822
68	823
68	824
68	942
69	94
69	96
69	141
69	167
69	187
69	190
69	239
69	256
69	375
69	390
69	448
69	453
69	455
69	457
69	461
69	544
69	583
69	596
69	614
69	845
69	950
70	71
70	86
70	119
70	192
70	290
70	364
70	365
70	367
70	390
70	453
70	454
70	455
70	457
70	462
70	470
70	596
70	699
70	702
70	743
70	940
70	950
71	86
71	119
71	192
71	213
71	222
71	260
71	290
71	364
71	365
71	390
71	470
71	525
71	596
71	699
71	726
71	727
71	799
71	853
71	950
72	115
72	116
72	117
72	155
72	156
72	157
72	437
72	603
73	74
73	91
73	104
73	105
73	240
73	273
73	281
73	315
73	368
73	373
73	393
73	427
73	489
73	507
73	538
73	539
73	543
73	546
73	578
73	580
73	623
73	642
73	657
73	689
73	692
73	702
73	728
73	782
73	813
73	819
73	820
73	834
73	854
73	925
74	104
74	240
74	281
74	315
74	373
74	393
74	507
74	538
74	539
74	543
74	580
74	613
74	623
74	689
74	702
74	728
74	819
74	820
74	834
74	854
74	925
75	414
75	513
75	565
75	587
75	654
75	681
75	863
76	92
76	96
76	220
76	258
76	267
76	583
76	586
76	587
76	719
76	720
76	721
76	722
76	723
77	233
77	427
77	532
77	538
77	539
77	689
77	692
77	724
77	803
77	854
77	862
78	160
78	170
78	277
78	310
78	370
78	395
78	427
78	497
78	532
78	533
78	578
78	703
78	725
78	774
78	775
78	819
78	820
78	825
78	846
78	862
78	877
79	114
79	296
79	520
79	581
79	827
79	939
80	391
80	553
81	100
81	101
81	105
81	121
81	233
81	251
81	296
81	316
81	422
81	423
81	425
81	578
81	618
81	657
81	662
81	670
81	673
81	692
81	760
81	790
81	819
81	820
81	839
81	852
81	909
81	934
82	698
82	780
83	122
83	163
83	164
83	170
83	216
83	250
83	313
83	370
83	385
83	501
83	502
83	533
83	637
83	919
84	94
84	167
84	196
84	302
84	354
84	430
84	583
84	786
84	789
84	869
85	232
85	281
85	287
85	315
85	394
85	397
85	405
85	406
85	495
85	497
85	578
85	580
85	581
85	693
85	694
85	717
85	734
85	799
85	814
85	815
85	816
85	817
85	818
85	819
85	820
85	858
85	881
85	884
85	885
85	886
85	916
85	951
86	119
86	192
86	238
86	290
86	367
86	390
86	470
86	596
86	699
86	918
87	729
87	847
88	139
89	792
89	804
89	805
89	889
90	293
90	491
91	104
91	127
91	393
91	417
91	623
91	782
92	115
92	117
92	129
92	155
92	156
92	157
92	176
92	220
92	258
92	267
92	282
92	321
92	325
92	354
92	416
92	444
92	534
92	566
92	574
92	583
92	586
92	587
92	603
92	604
92	669
92	719
92	720
92	721
92	722
92	723
92	781
92	810
92	811
92	826
93	261
93	282
93	293
93	439
93	440
93	491
93	882
94	96
94	147
94	167
94	187
94	190
94	194
94	239
94	256
94	267
94	302
94	325
94	375
94	430
94	437
94	448
94	453
94	455
94	457
94	461
94	573
94	575
94	576
94	583
94	604
94	606
94	614
94	727
94	786
94	789
94	845
95	126
95	191
95	321
95	432
96	147
96	167
96	190
96	194
96	239
96	267
96	430
96	448
96	565
96	573
96	575
96	576
96	583
96	586
96	587
96	604
96	614
96	727
96	786
96	845
97	194
98	99
98	124
98	165
98	356
98	357
99	124
99	165
99	221
99	357
100	101
100	105
100	110
100	121
100	170
100	316
100	370
100	422
100	423
100	425
100	465
100	481
100	482
100	510
100	532
100	533
100	578
100	657
100	671
100	672
100	673
100	674
100	680
100	711
100	756
100	790
100	799
100	819
100	820
100	862
100	934
100	937
101	105
101	110
101	121
101	170
101	316
101	370
101	422
101	423
101	425
101	465
101	481
101	482
101	510
101	532
101	533
101	578
101	657
101	671
101	672
101	673
101	674
101	680
101	711
101	756
101	790
101	799
101	819
101	820
101	862
101	934
101	937
102	162
102	505
102	676
102	677
102	679
102	850
103	105
103	109
103	113
103	146
103	151
103	161
103	201
103	203
103	205
103	207
103	212
103	232
103	240
103	278
103	279
103	280
103	281
103	315
103	372
103	414
103	421
103	428
103	468
103	471
103	489
103	495
103	513
103	517
103	538
103	539
103	543
103	554
103	568
103	578
103	580
103	612
103	647
103	648
103	649
103	650
103	657
103	689
103	702
103	748
103	760
103	765
103	767
103	784
103	785
103	814
103	815
103	817
103	818
103	819
103	820
103	825
103	834
103	841
103	842
103	854
103	861
103	863
103	866
103	867
103	878
103	880
103	903
103	951
104	105
104	240
104	273
104	281
104	315
104	368
104	373
104	393
104	427
104	489
104	507
104	538
104	539
104	543
104	546
104	578
104	580
104	623
104	642
104	657
104	689
104	692
104	702
104	728
104	782
104	813
104	819
104	820
104	834
104	854
104	925
105	106
105	107
105	109
105	110
105	113
105	121
105	132
105	140
105	142
105	161
105	201
105	203
105	205
105	220
105	225
105	232
105	233
105	240
105	243
105	278
105	279
105	280
105	281
105	306
105	311
105	315
105	316
105	338
105	373
105	393
105	394
105	397
105	406
105	414
105	421
105	422
105	423
105	425
105	427
105	468
105	471
105	473
105	481
105	489
105	495
105	500
105	507
105	510
105	513
105	517
105	530
105	532
105	538
105	539
105	543
105	558
105	578
105	580
105	623
105	639
105	640
105	642
105	647
105	648
105	649
105	650
105	657
105	671
105	672
105	673
105	674
105	688
105	689
105	692
105	702
105	719
105	721
105	723
105	728
105	730
105	731
105	756
105	765
105	790
105	799
105	813
105	819
105	820
105	821
105	834
105	841
105	842
105	854
105	862
105	863
105	867
105	880
105	903
105	928
105	934
106	121
106	128
106	242
106	251
106	252
106	316
106	422
106	423
106	500
106	535
106	551
106	664
106	691
106	790
106	792
106	833
106	839
106	840
106	909
106	937
107	113
107	350
107	413
107	414
107	512
107	513
107	760
107	776
107	863
108	283
108	284
108	630
108	960
109	128
109	142
109	201
109	205
109	212
109	240
109	252
109	266
109	278
109	279
109	280
109	281
109	311
109	315
109	320
109	338
109	347
109	421
109	468
109	471
109	489
109	497
109	516
109	517
109	538
109	539
109	543
109	571
109	578
109	579
109	580
109	621
109	647
109	648
109	649
109	650
109	657
109	689
109	702
109	728
109	730
109	731
109	750
109	765
109	767
109	819
109	820
109	834
109	841
109	842
109	849
109	854
109	863
109	867
109	903
109	954
110	112
110	213
110	222
110	260
110	281
110	315
110	364
110	365
110	394
110	397
110	398
110	406
110	492
110	495
110	500
110	505
110	510
110	557
110	578
110	579
110	580
110	600
110	607
110	657
110	671
110	672
110	673
110	674
110	688
110	711
110	756
110	757
110	799
110	813
110	819
110	820
110	844
110	849
110	891
110	934
111	118
111	183
112	929
113	161
113	203
113	205
113	350
113	413
113	414
113	512
113	513
113	657
113	765
113	773
113	801
113	802
113	819
113	820
113	863
114	179
114	188
114	294
114	314
114	520
114	567
114	581
114	776
114	827
115	116
115	117
115	155
115	156
115	157
115	258
115	325
115	603
115	781
115	930
116	117
116	155
116	156
116	157
116	606
117	155
117	156
117	157
117	258
117	325
117	603
117	781
117	930
118	183
118	184
118	584
118	665
118	787
118	879
118	935
118	941
119	290
119	333
119	367
119	390
119	454
119	462
119	470
119	596
119	853
119	918
119	950
120	159
120	193
120	217
120	244
120	249
120	299
120	624
120	632
120	633
120	668
120	708
120	746
120	752
120	868
120	902
120	914
121	128
121	161
121	203
121	233
121	240
121	251
121	252
121	281
121	306
121	311
121	315
121	316
121	332
121	338
121	422
121	423
121	425
121	481
121	489
121	507
121	510
121	530
121	532
121	538
121	539
121	543
121	548
121	578
121	580
121	657
121	662
121	671
121	672
121	673
121	674
121	689
121	690
121	691
121	692
121	702
121	711
121	790
121	792
121	819
121	820
121	834
121	839
121	840
121	854
121	862
121	889
121	890
121	909
121	934
121	937
122	162
122	163
122	164
122	165
122	166
122	216
122	233
122	250
122	281
122	313
122	315
122	333
122	385
122	427
122	501
122	502
122	504
122	538
122	539
122	580
122	637
122	642
122	658
122	676
122	677
122	679
122	688
122	689
122	702
122	819
122	820
122	854
122	917
122	919
122	925
122	947
123	185
123	217
123	249
123	299
123	589
123	590
123	624
123	633
123	692
123	708
123	752
123	773
123	874
123	888
123	902
123	904
124	165
124	357
125	135
125	136
125	145
125	396
125	496
125	518
125	552
125	758
125	864
126	191
126	321
126	432
126	780
127	284
127	307
127	417
127	573
127	574
127	575
127	576
127	609
127	720
127	722
127	945
128	142
128	251
128	252
128	311
128	316
128	338
128	422
128	423
128	489
128	497
128	499
128	508
128	571
128	578
128	664
128	680
128	691
128	728
128	730
128	731
128	790
128	791
128	792
128	819
128	820
128	839
128	840
128	907
128	909
128	910
128	933
128	937
128	954
129	355
129	604
130	185
130	217
130	249
130	299
130	624
130	697
130	708
130	752
130	773
131	177
131	182
131	184
131	224
131	304
131	461
131	896
131	935
132	245
132	246
132	247
132	642
132	928
133	548
133	673
133	936
133	939
133	944
134	200
134	686
135	136
135	259
135	518
135	552
135	864
135	877
136	259
136	518
136	552
136	864
136	877
137	138
137	287
137	405
137	880
137	930
138	287
138	405
138	880
138	930
139	285
139	329
140	512
140	538
140	539
140	560
140	561
140	578
140	639
140	640
140	689
140	854
140	889
140	928
141	177
141	182
141	184
141	187
141	190
141	196
141	302
141	304
141	390
141	461
141	596
141	875
141	935
142	240
142	252
142	257
142	281
142	311
142	315
142	320
142	338
142	394
142	397
142	406
142	489
142	497
142	499
142	500
142	517
142	522
142	538
142	539
142	543
142	571
142	578
142	580
142	657
142	680
142	689
142	702
142	725
142	728
142	730
142	731
142	750
142	819
142	820
142	834
142	854
142	907
142	954
143	369
144	231
144	254
144	263
144	700
144	768
144	798
145	483
145	496
145	926
146	568
146	593
146	604
146	613
146	765
146	866
147	167
147	194
147	267
147	302
147	430
147	437
147	442
147	565
147	573
147	575
147	576
147	583
147	604
147	630
147	727
147	786
148	152
148	336
148	456
149	200
149	408
149	488
149	514
149	515
149	776
150	257
150	611
150	809
150	811
150	836
151	368
151	546
151	695
151	702
151	765
151	801
151	802
152	336
152	456
153	619
153	625
153	825
153	829
153	831
153	832
153	888
154	293
154	381
154	439
154	443
154	467
154	491
154	641
154	682
155	156
155	157
155	176
155	258
155	267
155	321
155	325
155	354
155	566
155	583
155	603
155	604
155	669
155	720
155	722
155	781
155	810
155	826
155	930
156	157
156	176
156	258
156	267
156	321
156	325
156	354
156	566
156	583
156	603
156	604
156	669
156	720
156	722
156	781
156	810
156	826
156	930
157	176
157	258
157	267
157	321
157	325
157	354
157	566
157	583
157	603
157	604
157	669
157	720
157	722
157	781
157	810
157	826
157	930
158	411
158	598
158	626
159	193
159	217
159	219
159	244
159	249
159	299
159	301
159	486
159	545
159	624
159	632
159	633
159	634
159	668
159	708
159	752
159	773
159	860
159	868
159	873
159	874
159	902
160	214
160	277
160	310
160	322
160	373
160	395
160	406
160	717
160	725
160	774
160	846
160	881
160	883
160	884
160	885
160	886
161	203
161	205
161	212
161	306
161	356
161	414
161	513
161	530
161	657
161	662
161	760
161	765
161	790
161	801
161	802
161	819
161	820
161	825
161	829
161	831
161	832
161	852
161	859
161	863
162	164
162	165
162	166
162	204
162	216
162	313
162	501
162	502
162	504
162	637
162	676
162	677
162	678
162	679
162	850
162	919
163	164
163	165
163	216
163	218
163	250
163	333
163	385
163	501
163	502
163	617
163	637
163	919
163	920
163	947
164	165
164	166
164	216
164	233
164	250
164	313
164	324
164	385
164	427
164	501
164	502
164	532
164	538
164	539
164	637
164	658
164	689
164	854
164	862
164	919
165	216
165	357
165	504
165	637
165	676
165	677
165	679
165	919
166	204
166	216
166	313
166	333
166	501
166	502
166	637
166	678
166	919
167	187
167	190
167	194
167	239
167	256
167	267
167	302
167	325
167	375
167	430
167	437
167	448
167	453
167	455
167	457
167	461
167	573
167	575
167	576
167	583
167	604
167	606
167	614
167	727
167	786
167	789
167	845
168	169
168	178
168	463
168	464
168	923
169	178
169	463
169	464
169	923
170	233
170	277
170	300
170	370
170	395
170	427
170	465
170	481
170	482
170	532
170	533
170	578
170	680
170	725
170	771
170	774
170	819
170	820
170	846
170	862
170	934
171	173
171	201
171	615
171	863
172	230
172	309
172	339
172	550
172	740
172	943
173	201
173	615
173	863
174	345
174	643
175	359
176	194
176	255
176	258
176	267
176	321
176	325
176	416
176	566
176	583
176	586
176	587
176	604
176	669
176	720
176	722
176	781
176	826
176	946
177	182
177	184
177	196
177	224
177	304
177	323
177	665
177	687
177	896
177	935
178	463
178	464
178	923
179	180
179	188
179	189
179	294
179	295
179	452
179	567
179	570
179	610
179	613
179	661
179	665
179	941
180	188
180	294
180	567
180	593
180	610
180	665
180	766
181	184
181	298
181	526
181	594
181	610
181	779
181	935
182	184
182	196
182	224
182	304
182	323
182	665
182	687
182	896
182	935
183	687
184	196
184	224
184	234
184	304
184	461
184	525
184	610
184	663
184	665
184	704
184	875
184	879
184	896
184	935
184	941
185	217
185	249
185	299
185	368
185	389
185	546
185	590
185	624
185	633
185	697
185	708
185	752
185	773
185	902
187	190
187	192
187	238
187	390
187	453
187	455
187	457
187	596
187	614
187	699
187	845
188	189
188	294
188	295
188	452
188	567
188	570
188	610
188	613
188	661
188	665
188	941
189	291
189	567
189	570
189	665
189	747
189	787
189	897
189	898
189	899
189	900
189	901
190	239
190	256
190	375
190	390
190	448
190	453
190	455
190	457
190	461
190	544
190	583
190	596
190	614
190	845
190	950
191	321
191	432
191	780
192	238
192	241
192	245
192	246
192	247
192	290
192	390
192	447
192	470
192	596
192	699
192	799
192	950
193	217
193	244
193	249
193	299
193	624
193	632
193	633
193	668
193	708
193	746
193	752
193	868
193	902
193	914
194	267
194	430
194	583
194	786
196	461
196	687
196	935
197	198
197	199
197	265
197	268
197	447
197	460
197	734
197	737
197	893
198	199
198	265
198	268
198	447
198	460
198	734
198	737
198	893
199	265
199	268
199	447
199	460
199	734
199	737
199	893
200	514
200	515
200	686
201	207
201	266
201	278
201	279
201	280
201	306
201	347
201	410
201	418
201	420
201	421
201	422
201	423
201	439
201	468
201	471
201	488
201	506
201	517
201	530
201	558
201	636
201	647
201	648
201	649
201	650
201	657
201	690
201	765
201	819
201	820
201	841
201	842
201	863
201	867
203	205
203	212
203	306
203	356
203	414
203	513
203	530
203	657
203	662
203	760
203	765
203	790
203	801
203	802
203	819
203	820
203	825
203	829
203	831
203	832
203	852
203	859
203	863
204	676
204	677
204	678
204	679
205	206
205	208
205	211
205	212
205	232
205	240
205	278
205	279
205	280
205	281
205	305
205	315
205	414
205	428
205	468
205	471
205	489
205	495
205	513
205	517
205	538
205	539
205	543
205	554
205	568
205	578
205	580
205	612
205	647
205	648
205	649
205	650
205	657
205	689
205	702
205	748
205	760
205	765
205	767
205	784
205	785
205	814
205	815
205	816
205	817
205	818
205	819
205	820
205	825
205	834
205	841
205	842
205	846
205	854
205	861
205	863
205	866
205	878
205	880
205	903
205	948
205	951
206	372
206	543
206	578
206	594
206	766
206	804
206	926
207	209
207	386
207	765
208	797
208	814
208	815
208	816
208	817
208	818
208	951
209	343
209	662
210	218
210	221
210	223
210	920
210	948
211	597
211	783
211	785
212	311
212	338
212	348
212	356
212	401
212	414
212	489
212	513
212	516
212	748
212	760
212	765
212	767
212	863
212	878
212	880
213	222
213	260
213	397
213	406
213	510
213	671
213	672
213	674
213	756
213	757
213	799
213	891
214	310
215	477
215	716
216	233
216	250
216	313
216	324
216	385
216	427
216	501
216	502
216	532
216	538
216	539
216	637
216	658
216	689
216	854
216	862
216	919
217	244
217	249
217	273
217	299
217	374
217	389
217	485
217	589
217	590
217	624
217	632
217	633
217	634
217	668
217	697
217	708
217	748
217	752
217	773
217	779
217	847
217	868
217	874
217	876
217	878
217	902
217	904
217	961
218	223
218	617
218	814
218	815
218	817
218	818
218	920
218	947
218	948
218	951
219	351
219	473
219	486
219	506
219	508
219	509
219	632
219	634
219	657
219	668
219	791
219	792
219	868
220	240
220	258
220	318
220	319
220	320
220	441
220	484
220	543
220	566
220	586
220	657
220	718
220	719
220	720
220	721
220	722
220	723
220	819
220	820
220	821
220	834
220	867
220	880
221	223
221	398
222	260
222	397
222	406
222	510
222	671
222	672
222	674
222	756
222	757
222	799
222	891
223	920
223	948
224	234
224	295
224	375
224	390
224	525
224	596
224	661
224	663
224	795
224	896
224	935
224	950
225	418
225	420
225	421
225	427
225	481
225	532
225	551
225	657
225	660
225	675
225	771
225	819
225	820
225	862
226	227
226	270
226	271
226	272
226	531
226	797
228	229
228	342
228	487
228	662
228	739
228	852
229	342
229	487
230	296
230	309
230	339
230	943
231	254
231	263
231	700
231	736
231	798
231	932
232	240
232	281
232	315
232	373
232	394
232	397
232	406
232	489
232	495
232	497
232	510
232	538
232	539
232	543
232	578
232	580
232	592
232	657
232	671
232	672
232	674
232	689
232	702
232	725
232	732
232	733
232	734
232	765
232	819
232	820
232	822
232	823
232	825
232	834
232	840
232	854
232	858
232	903
232	916
233	240
233	243
233	281
233	315
233	316
233	370
233	422
233	423
233	427
233	463
233	464
233	481
233	489
233	522
233	532
233	533
233	538
233	539
233	543
233	578
233	580
233	637
233	657
233	673
233	689
233	692
233	702
233	790
233	819
233	820
233	834
233	854
233	862
233	917
233	919
233	925
234	374
234	526
234	704
234	935
235	438
236	292
236	382
236	601
236	653
236	793
237	297
237	316
237	675
237	772
238	390
238	470
238	596
238	699
238	897
238	899
238	900
239	448
239	614
239	628
239	845
240	257
240	266
240	277
240	278
240	279
240	280
240	281
240	311
240	315
240	316
240	318
240	319
240	320
240	338
240	347
240	373
240	387
240	393
240	394
240	397
240	406
240	422
240	423
240	427
240	441
240	463
240	464
240	468
240	471
240	489
240	490
240	495
240	500
240	507
240	510
240	517
240	532
240	538
240	539
240	543
240	557
240	571
240	578
240	580
240	592
240	613
240	623
240	638
240	642
240	647
240	648
240	649
240	650
240	657
240	671
240	672
240	674
240	689
240	692
240	702
240	717
240	718
240	719
240	720
240	721
240	722
240	723
240	728
240	730
240	731
240	765
240	790
240	819
240	820
240	821
240	834
240	841
240	842
240	854
240	855
240	857
240	862
240	880
240	881
240	884
240	885
240	886
240	903
240	925
241	447
241	699
241	795
242	551
242	840
242	890
242	937
243	351
243	398
243	473
243	505
243	510
243	657
243	671
243	672
243	674
243	819
243	820
244	249
244	299
244	624
244	632
244	633
244	668
244	708
244	746
244	752
244	868
244	902
244	914
245	246
245	247
245	268
245	698
245	699
246	247
246	268
246	698
246	699
247	268
247	698
247	699
248	253
248	715
248	911
249	273
249	299
249	374
249	389
249	485
249	589
249	590
249	624
249	632
249	633
249	634
249	668
249	697
249	708
249	748
249	752
249	773
249	779
249	847
249	868
249	874
249	876
249	878
249	902
249	904
249	961
250	313
250	385
250	637
250	919
251	252
251	285
251	306
251	316
251	422
251	423
251	530
251	691
251	696
251	790
251	792
251	839
251	840
251	909
251	910
251	937
252	311
252	316
252	338
252	422
252	423
252	489
252	497
252	499
252	508
252	571
252	578
252	664
252	680
252	691
252	728
252	730
252	731
252	790
252	791
252	792
252	819
252	820
252	839
252	840
252	907
252	909
252	910
252	933
252	937
252	954
253	715
253	911
254	263
254	700
254	736
254	798
254	932
255	706
255	892
255	946
256	375
256	583
256	605
256	892
257	311
257	320
257	338
257	489
257	571
257	595
257	611
257	728
257	834
258	267
258	321
258	325
258	354
258	416
258	444
258	534
258	566
258	574
258	583
258	586
258	587
258	603
258	604
258	669
258	719
258	720
258	721
258	722
258	723
258	781
258	810
258	811
258	826
259	288
259	374
259	518
259	525
259	552
259	599
259	631
259	667
259	864
260	397
260	406
260	510
260	671
260	672
260	674
260	756
260	757
260	799
260	891
261	282
261	439
261	440
263	700
263	768
263	798
264	572
265	268
265	447
265	460
265	734
265	737
265	893
266	320
266	347
266	439
266	489
266	547
266	571
266	728
266	730
266	731
266	750
266	834
267	325
267	430
267	566
267	573
267	575
267	576
267	583
267	604
267	606
267	669
267	727
267	781
267	786
267	810
267	826
268	737
269	270
269	271
269	272
269	402
269	531
270	271
270	272
270	402
270	531
271	272
271	402
271	531
272	402
272	531
273	299
273	307
273	393
273	589
273	622
273	623
273	624
273	633
273	708
273	752
273	773
273	945
274	656
275	276
275	303
275	761
275	851
276	303
276	330
277	310
277	322
277	370
277	373
277	395
277	427
277	463
277	464
277	532
277	533
277	543
277	578
277	717
277	725
277	742
277	774
277	819
277	820
277	834
277	846
277	862
277	877
277	881
277	883
277	884
277	885
277	886
278	279
278	280
278	281
278	306
278	315
278	324
278	368
278	408
278	410
278	421
278	424
278	468
278	471
278	489
278	500
278	517
278	530
278	538
278	539
278	543
278	546
278	558
278	578
278	580
278	636
278	642
278	647
278	648
278	649
278	650
278	657
278	689
278	690
278	702
278	730
278	731
278	750
278	765
278	819
278	820
278	834
278	841
278	842
278	854
278	867
278	903
279	280
279	281
279	306
279	315
279	324
279	368
279	408
279	410
279	421
279	424
279	468
279	471
279	489
279	500
279	517
279	530
279	538
279	539
279	543
279	546
279	558
279	578
279	580
279	636
279	642
279	647
279	648
279	649
279	650
279	657
279	689
279	690
279	702
279	730
279	731
279	750
279	765
279	819
279	820
279	834
279	841
279	842
279	854
279	867
279	903
280	281
280	306
280	315
280	324
280	368
280	408
280	410
280	421
280	424
280	468
280	471
280	489
280	500
280	517
280	530
280	538
280	539
280	543
280	546
280	558
280	578
280	580
280	636
280	642
280	647
280	648
280	649
280	650
280	657
280	689
280	690
280	702
280	730
280	731
280	750
280	765
280	819
280	820
280	834
280	841
280	842
280	854
280	867
280	903
281	311
281	314
281	315
281	316
281	338
281	373
281	393
281	394
281	395
281	397
281	406
281	422
281	423
281	427
281	468
281	471
281	489
281	495
281	500
281	507
281	510
281	517
281	532
281	536
281	538
281	539
281	543
281	557
281	563
281	578
281	580
281	592
281	613
281	623
281	637
281	642
281	647
281	648
281	649
281	650
281	657
281	671
281	672
281	673
281	674
281	688
281	689
281	692
281	702
281	717
281	725
281	728
281	730
281	731
281	756
281	765
281	790
281	799
281	813
281	816
281	819
281	820
281	821
281	834
281	840
281	841
281	842
281	854
281	858
281	862
281	881
281	884
281	885
281	886
281	890
281	903
281	917
281	919
282	293
282	318
282	319
282	439
282	440
282	441
282	444
282	490
282	491
282	506
282	511
282	720
282	722
282	838
282	855
282	857
283	284
283	769
283	960
284	307
284	417
284	573
284	574
284	575
284	576
284	609
284	769
284	945
285	306
285	329
285	530
285	909
286	307
286	389
286	485
286	616
286	945
287	294
287	405
287	406
287	693
287	694
287	814
287	815
287	816
287	817
287	818
287	858
287	880
287	881
287	884
287	885
287	886
287	916
287	930
287	951
288	374
288	564
288	599
288	631
288	667
288	779
288	782
289	293
289	465
289	491
289	705
290	390
290	454
290	462
290	470
290	585
290	592
290	596
290	681
290	699
290	702
291	570
291	592
291	605
291	665
291	732
291	733
291	747
291	787
291	897
291	898
291	899
291	900
291	941
292	434
292	582
292	585
292	588
293	318
293	319
293	439
293	440
293	441
293	490
293	491
293	511
293	592
293	682
293	738
293	855
293	857
294	295
294	405
294	452
294	567
294	610
294	613
294	661
294	665
294	776
294	879
294	941
295	567
295	610
295	613
295	661
295	665
295	747
295	776
295	795
295	879
295	941
296	309
296	339
296	618
296	943
297	301
297	426
297	701
297	865
299	374
299	389
299	485
299	589
299	590
299	624
299	632
299	633
299	634
299	668
299	697
299	708
299	748
299	752
299	773
299	779
299	847
299	868
299	874
299	876
299	878
299	902
299	904
299	961
300	326
300	328
300	370
300	481
300	482
300	532
300	533
300	619
300	862
300	873
301	426
301	632
301	634
301	668
301	701
301	714
301	739
301	865
301	868
301	872
301	961
302	437
302	573
302	575
302	576
302	583
302	789
303	330
304	323
304	875
304	896
304	935
305	341
305	435
305	601
306	368
306	408
306	410
306	421
306	425
306	468
306	471
306	488
306	519
306	530
306	546
306	558
306	625
306	636
306	647
306	648
306	649
306	650
306	657
306	790
306	819
306	820
306	829
306	831
306	832
306	841
306	842
306	867
306	909
306	929
306	936
307	417
307	574
307	609
307	616
307	769
307	945
308	651
309	339
309	740
309	943
310	322
310	373
310	395
310	406
310	717
310	725
310	774
310	846
310	881
310	883
310	884
310	885
310	886
311	315
311	316
311	320
311	338
311	401
311	414
311	422
311	423
311	489
311	497
311	507
311	510
311	513
311	516
311	538
311	539
311	543
311	558
311	571
311	578
311	579
311	580
311	657
311	671
311	672
311	674
311	689
311	702
311	728
311	730
311	731
311	750
311	767
311	790
311	819
311	820
311	821
311	834
311	849
311	854
311	863
311	880
311	954
312	375
313	385
313	501
313	502
313	637
313	919
314	315
314	373
314	563
314	578
314	580
314	581
314	717
314	821
314	881
314	884
314	885
314	886
315	316
315	338
315	373
315	393
315	394
315	395
315	397
315	406
315	422
315	423
315	427
315	468
315	471
315	489
315	495
315	500
315	507
315	510
315	517
315	532
315	536
315	538
315	539
315	543
315	557
315	563
315	578
315	580
315	592
315	613
315	623
315	637
315	642
315	647
315	648
315	649
315	650
315	657
315	671
315	672
315	673
315	674
315	688
315	689
315	692
315	702
315	717
315	725
315	728
315	730
315	731
315	756
315	765
315	790
315	799
315	813
315	816
315	819
315	820
315	821
315	834
315	840
315	841
315	842
315	854
315	858
315	862
315	881
315	884
315	885
315	886
315	890
315	903
315	917
315	919
316	332
316	338
316	414
316	422
316	423
316	425
316	481
316	482
316	484
316	489
316	507
316	510
316	513
316	532
316	538
316	539
316	543
316	548
316	558
316	578
316	580
316	657
316	671
316	672
316	673
316	674
316	689
316	690
316	691
316	692
316	702
316	711
316	790
316	792
316	819
316	820
316	821
316	834
316	839
316	840
316	854
316	862
316	863
316	880
316	889
316	890
316	909
316	934
316	937
318	319
318	439
318	441
318	490
318	491
318	500
318	511
318	517
318	543
318	578
318	719
318	721
318	723
318	742
318	819
318	820
318	834
318	855
318	857
318	866
319	439
319	441
319	490
319	491
319	500
319	511
319	517
319	543
319	578
319	719
319	721
319	723
319	742
319	819
319	820
319	834
319	855
319	857
319	866
320	338
320	347
320	387
320	489
320	499
320	542
320	543
320	571
320	638
320	719
320	721
320	723
320	728
320	730
320	731
320	750
320	819
320	820
320	834
321	325
321	432
321	444
321	574
321	577
321	620
321	669
321	720
321	722
321	781
322	395
322	645
322	655
322	843
322	846
323	759
324	332
324	427
324	532
324	538
324	539
324	642
324	689
324	692
324	702
324	819
324	820
324	854
324	860
324	861
324	862
324	903
325	416
325	534
325	566
325	583
325	586
325	587
325	604
325	606
325	669
325	720
325	722
325	781
325	826
325	880
325	892
325	946
326	328
326	482
327	644
327	710
328	482
328	873
332	422
332	423
332	507
332	538
332	539
332	689
332	690
332	691
332	692
332	702
332	770
332	790
332	819
332	820
332	854
333	637
333	919
334	629
334	735
334	902
334	903
336	456
337	953
338	401
338	414
338	422
338	423
338	489
338	497
338	507
338	510
338	513
338	516
338	538
338	539
338	543
338	558
338	571
338	578
338	579
338	580
338	657
338	671
338	672
338	674
338	689
338	702
338	728
338	730
338	731
338	750
338	767
338	790
338	819
338	820
338	821
338	834
338	849
338	854
338	863
338	880
338	954
339	740
339	943
341	433
341	435
341	601
341	866
342	487
342	662
342	739
342	852
343	346
343	662
343	852
344	629
345	404
345	474
345	643
345	844
345	906
346	662
346	887
347	439
347	489
347	547
347	571
347	728
347	730
347	731
347	750
347	834
348	356
348	401
348	821
348	859
350	356
350	401
350	413
350	414
350	495
350	513
350	776
350	801
350	863
350	876
351	486
352	451
352	579
352	849
353	473
353	540
353	602
353	809
354	355
354	430
354	669
354	781
354	869
356	357
356	401
356	413
358	375
358	630
360	361
360	418
360	419
360	420
360	421
360	755
361	418
361	419
361	420
361	421
361	755
362	527
362	528
362	529
362	781
362	809
362	810
362	811
362	812
362	836
362	837
362	949
363	709
363	863
364	365
364	390
364	510
364	596
364	671
364	672
364	674
364	688
364	756
364	757
364	813
365	390
365	510
365	596
365	671
365	672
365	674
365	688
365	756
365	757
365	813
366	412
367	390
367	470
367	596
367	853
367	918
368	393
368	468
368	471
368	530
368	538
368	539
368	546
368	623
368	641
368	642
368	647
368	648
368	649
368	650
368	689
368	692
368	702
368	819
368	820
368	841
368	842
368	854
368	912
369	930
370	395
370	427
370	465
370	481
370	482
370	532
370	533
370	578
370	680
370	725
370	771
370	774
370	819
370	820
370	846
370	862
370	934
371	684
371	848
372	396
372	418
372	420
372	488
372	512
372	517
372	578
372	758
372	765
372	924
373	393
373	394
373	397
373	406
373	489
373	495
373	510
373	538
373	539
373	543
373	557
373	563
373	578
373	580
373	581
373	592
373	613
373	623
373	657
373	671
373	672
373	674
373	689
373	702
373	717
373	728
373	763
373	764
373	819
373	820
373	821
373	834
373	854
373	881
373	883
373	884
373	885
373	886
373	903
374	389
374	599
374	624
374	631
374	633
374	634
374	667
374	708
374	752
374	779
374	794
375	390
375	448
375	596
375	727
375	777
375	950
376	377
376	469
376	905
376	922
377	469
377	905
377	922
378	379
378	843
381	443
381	466
381	467
381	682
382	434
382	582
383	384
383	425
383	523
384	523
385	637
385	919
386	597
386	666
386	760
386	852
387	388
387	424
387	638
387	834
387	908
388	638
389	485
389	624
389	633
389	708
389	752
389	773
389	847
389	902
389	904
390	453
390	454
390	455
390	457
390	462
390	470
390	596
390	698
390	699
390	726
390	727
390	853
390	931
390	950
391	553
392	498
392	548
392	591
392	763
392	764
392	891
393	427
393	489
393	507
393	538
393	539
393	543
393	546
393	578
393	580
393	623
393	642
393	657
393	689
393	692
393	702
393	728
393	782
393	813
393	819
393	820
393	834
393	854
393	925
394	395
394	396
394	397
394	406
394	454
394	462
394	489
394	495
394	500
394	510
394	517
394	536
394	538
394	539
394	543
394	557
394	578
394	580
394	612
394	613
394	617
394	657
394	671
394	672
394	674
394	689
394	702
394	717
394	725
394	756
394	758
394	799
394	816
394	819
394	820
394	834
394	840
394	854
394	858
394	881
394	884
394	885
394	886
394	903
394	917
395	397
395	406
395	427
395	476
395	532
395	533
395	557
395	578
395	580
395	725
395	774
395	819
395	820
395	846
395	862
395	877
395	883
395	917
396	500
396	536
396	578
396	612
396	617
396	758
396	795
396	917
397	398
397	406
397	489
397	495
397	500
397	510
397	517
397	536
397	538
397	539
397	543
397	557
397	578
397	580
397	612
397	613
397	657
397	671
397	672
397	674
397	689
397	702
397	717
397	725
397	756
397	799
397	816
397	819
397	820
397	834
397	840
397	854
397	858
397	881
397	884
397	885
397	886
397	891
397	903
397	917
398	505
399	459
400	453
400	455
400	457
400	514
400	515
401	413
401	414
401	513
401	516
401	767
401	776
401	863
402	531
403	404
403	474
403	569
403	906
404	474
404	797
404	906
405	406
405	693
405	694
405	814
405	815
405	816
405	817
405	818
405	858
405	880
405	881
405	884
405	885
405	886
405	916
405	930
405	951
406	489
406	495
406	500
406	510
406	517
406	536
406	538
406	539
406	543
406	557
406	578
406	580
406	613
406	657
406	671
406	672
406	674
406	689
406	693
406	694
406	702
406	717
406	725
406	756
406	799
406	814
406	815
406	816
406	817
406	818
406	819
406	820
406	834
406	840
406	854
406	858
406	881
406	882
406	883
406	884
406	885
406	886
406	903
406	916
406	917
406	951
407	549
407	553
407	741
408	488
408	500
408	514
408	515
408	530
408	534
408	558
408	598
408	652
408	654
408	713
408	929
410	421
410	468
410	471
410	510
410	530
410	579
410	636
410	646
410	647
410	648
410	649
410	650
410	671
410	672
410	674
410	841
410	842
410	849
410	867
411	598
411	844
413	414
413	495
413	513
413	776
413	801
413	863
413	876
414	495
414	507
414	511
414	513
414	516
414	558
414	657
414	748
414	765
414	767
414	773
414	776
414	801
414	802
414	819
414	820
414	863
414	876
414	878
414	880
415	614
415	628
415	751
416	566
416	586
416	604
416	669
416	811
416	946
417	573
417	574
417	575
417	576
417	609
417	720
417	722
417	945
418	419
418	420
418	421
418	488
418	517
418	578
418	867
419	420
419	421
420	421
420	488
420	517
420	578
420	867
421	468
421	471
421	488
421	517
421	519
421	530
421	558
421	636
421	647
421	648
421	649
421	650
421	657
421	765
421	771
421	819
421	820
421	841
421	842
421	863
421	867
422	423
422	425
422	481
422	489
422	507
422	510
422	532
422	538
422	539
422	543
422	548
422	578
422	580
422	657
422	671
422	672
422	673
422	674
422	689
422	690
422	691
422	692
422	702
422	711
422	713
422	790
422	792
422	819
422	820
422	834
422	839
422	840
422	854
422	862
422	889
422	890
422	909
422	934
422	937
423	425
423	481
423	489
423	507
423	510
423	532
423	538
423	539
423	543
423	548
423	578
423	580
423	657
423	671
423	672
423	673
423	674
423	689
423	690
423	691
423	692
423	702
423	711
423	713
423	790
423	792
423	819
423	820
423	834
423	839
423	840
423	854
423	862
423	889
423	890
423	909
423	934
423	937
424	468
424	471
424	543
424	638
424	647
424	648
424	649
424	650
424	841
424	842
425	481
425	484
425	523
425	530
425	532
425	657
425	718
425	771
425	790
425	819
425	820
425	862
425	890
425	934
426	701
426	865
426	872
427	481
427	489
427	507
427	532
427	533
427	538
427	539
427	543
427	578
427	580
427	623
427	637
427	642
427	657
427	688
427	689
427	692
427	702
427	724
427	725
427	774
427	803
427	819
427	820
427	825
427	834
427	846
427	854
427	862
427	877
427	919
427	925
428	543
428	554
428	765
428	825
428	901
429	484
429	944
430	573
430	575
430	576
430	583
430	604
430	669
430	727
430	786
430	789
432	780
433	435
433	490
433	855
433	857
434	582
434	585
434	588
435	601
435	866
436	793
437	442
437	573
437	575
437	576
437	583
437	786
439	440
439	441
439	490
439	491
439	506
439	511
439	517
439	568
439	670
439	682
439	705
439	742
439	855
439	857
439	866
439	882
440	491
440	882
441	490
441	491
441	500
441	511
441	517
441	543
441	578
441	719
441	721
441	723
441	742
441	819
441	820
441	834
441	855
441	857
441	866
443	466
443	467
443	682
444	669
446	816
447	699
447	734
447	737
447	844
447	893
448	614
448	845
449	450
449	451
449	806
450	451
450	806
452	567
452	665
452	941
453	454
453	455
453	457
453	462
453	596
453	770
454	455
454	457
454	462
454	536
454	596
455	457
455	462
455	596
455	770
457	462
457	596
457	770
460	737
460	893
461	704
461	845
461	896
461	935
462	536
462	596
463	464
463	521
463	522
463	543
463	557
463	578
463	595
463	613
463	819
463	820
463	834
463	917
463	923
463	925
464	521
464	522
464	543
464	557
464	578
464	595
464	613
464	819
464	820
464	834
464	917
464	923
464	925
465	490
465	511
465	533
465	568
465	691
465	705
465	855
465	857
465	934
466	467
466	641
466	813
467	682
468	471
468	489
468	500
468	517
468	530
468	538
468	539
468	543
468	546
468	558
468	578
468	580
468	636
468	642
468	647
468	648
468	649
468	650
468	657
468	689
468	690
468	702
468	730
468	731
468	750
468	765
468	819
468	820
468	834
468	841
468	842
468	854
468	867
468	903
469	905
469	922
470	596
470	699
470	918
471	489
471	500
471	517
471	530
471	538
471	539
471	543
471	546
471	558
471	578
471	580
471	636
471	642
471	647
471	648
471	649
471	650
471	657
471	689
471	690
471	702
471	730
471	731
471	750
471	765
471	819
471	820
471	834
471	841
471	842
471	854
471	867
471	903
472	745
473	486
473	506
473	507
473	538
473	539
473	657
473	689
473	702
473	772
473	783
473	784
473	819
473	820
473	854
474	797
474	906
475	720
475	722
475	781
475	810
475	838
476	477
477	716
479	480
480	958
481	482
481	532
481	533
481	551
481	619
481	657
481	771
481	790
481	819
481	820
481	862
481	934
482	532
482	533
482	771
482	862
482	934
484	718
484	719
484	721
484	723
485	624
485	629
485	633
485	708
485	752
485	773
485	779
485	902
485	904
486	506
486	508
486	509
486	632
486	634
486	657
486	668
486	791
486	792
486	868
487	739
487	852
487	872
488	514
488	515
488	517
488	530
488	558
488	578
488	863
488	867
489	495
489	497
489	499
489	500
489	507
489	510
489	516
489	517
489	532
489	538
489	539
489	543
489	571
489	578
489	579
489	580
489	623
489	642
489	647
489	648
489	649
489	650
489	657
489	671
489	672
489	674
489	680
489	689
489	692
489	702
489	728
489	730
489	731
489	750
489	765
489	767
489	790
489	819
489	820
489	834
489	841
489	842
489	849
489	854
489	862
489	903
489	907
489	954
490	491
490	511
490	517
490	543
490	568
490	578
490	670
490	691
490	738
490	742
490	819
490	820
490	834
490	855
490	856
490	857
490	866
490	921
491	511
491	592
491	682
491	738
491	855
491	857
492	500
492	608
492	612
494	788
495	510
495	513
495	538
495	539
495	543
495	578
495	580
495	581
495	657
495	671
495	672
495	673
495	674
495	681
495	688
495	689
495	702
495	756
495	765
495	813
495	819
495	820
495	834
495	854
495	858
495	863
495	903
495	928
497	571
497	578
497	728
497	730
497	731
497	774
497	819
497	820
497	858
497	954
498	591
498	711
498	840
498	891
498	910
498	937
499	521
499	537
499	571
499	728
499	730
499	731
499	782
500	517
500	522
500	535
500	536
500	538
500	539
500	543
500	557
500	558
500	578
500	580
500	612
500	642
500	647
500	648
500	649
500	650
500	657
500	664
500	681
500	689
500	702
500	730
500	731
500	750
500	758
500	819
500	820
500	834
500	841
500	842
500	854
500	937
501	502
501	503
501	504
501	637
501	676
501	677
501	679
501	919
502	503
502	504
502	637
502	676
502	677
502	679
502	919
504	637
504	676
504	677
504	679
504	919
505	510
505	579
505	671
505	672
505	673
505	674
505	688
505	756
505	813
505	849
505	850
506	517
506	657
507	510
507	513
507	516
507	538
507	539
507	543
507	558
507	578
507	580
507	623
507	642
507	657
507	671
507	672
507	674
507	688
507	689
507	692
507	702
507	748
507	790
507	801
507	802
507	813
507	819
507	820
507	821
507	834
507	854
507	863
507	876
507	878
507	880
508	509
508	791
508	792
509	746
509	791
509	792
510	538
510	539
510	543
510	578
510	579
510	580
510	600
510	607
510	636
510	657
510	671
510	672
510	673
510	674
510	688
510	689
510	702
510	711
510	756
510	757
510	790
510	799
510	813
510	819
510	820
510	821
510	834
510	849
510	854
510	891
510	903
510	934
511	513
511	517
511	670
511	738
511	742
511	855
511	857
511	866
512	639
512	640
512	927
513	516
513	558
513	657
513	748
513	765
513	767
513	773
513	776
513	801
513	802
513	819
513	820
513	863
513	876
513	878
513	880
514	515
514	776
515	776
516	538
516	539
516	689
516	767
516	801
516	854
517	538
517	539
517	543
517	568
517	578
517	580
517	647
517	648
517	649
517	650
517	657
517	670
517	689
517	691
517	702
517	742
517	756
517	765
517	816
517	819
517	820
517	834
517	841
517	842
517	846
517	854
517	855
517	856
517	857
517	863
517	866
517	867
517	903
517	921
517	954
518	552
518	864
518	877
519	530
519	543
519	936
520	581
520	827
521	522
521	658
521	782
521	856
521	921
521	924
521	925
522	578
522	725
522	819
522	820
522	856
522	917
522	921
522	924
524	760
524	777
525	663
525	935
526	663
526	704
527	528
527	529
527	781
527	809
527	810
527	811
527	812
527	836
527	837
527	949
528	529
528	781
528	809
528	810
528	811
528	812
528	836
528	837
528	949
529	781
529	809
529	810
529	811
529	812
529	836
529	837
529	949
530	546
530	558
530	625
530	636
530	647
530	648
530	649
530	650
530	657
530	790
530	819
530	820
530	829
530	831
530	832
530	841
530	842
530	867
530	909
530	929
530	936
532	533
532	538
532	539
532	543
532	578
532	580
532	619
532	657
532	689
532	692
532	702
532	725
532	771
532	774
532	790
532	819
532	820
532	825
532	834
532	846
532	854
532	862
532	934
533	578
533	680
533	725
533	771
533	774
533	819
533	820
533	846
533	862
533	934
534	929
534	946
535	642
535	664
535	692
535	698
535	800
535	833
535	937
536	578
536	580
536	612
536	617
536	642
536	730
536	731
536	758
536	819
536	820
536	917
537	843
538	539
538	543
538	546
538	578
538	580
538	623
538	637
538	639
538	640
538	642
538	647
538	648
538	649
538	650
538	657
538	671
538	672
538	674
538	688
538	689
538	692
538	702
538	728
538	730
538	731
538	765
538	790
538	813
538	819
538	820
538	834
538	841
538	842
538	854
538	861
538	862
538	903
538	919
538	925
538	928
538	944
539	543
539	546
539	578
539	580
539	623
539	637
539	639
539	640
539	642
539	647
539	648
539	649
539	650
539	657
539	671
539	672
539	674
539	688
539	689
539	692
539	702
539	728
539	730
539	731
539	765
539	790
539	813
539	819
539	820
539	834
539	841
539	842
539	854
539	861
539	862
539	903
539	919
539	925
539	928
539	944
540	541
540	602
540	914
541	914
542	544
542	547
543	554
543	557
543	571
543	578
543	580
543	592
543	613
543	623
543	642
543	647
543	648
543	649
543	650
543	657
543	664
543	671
543	672
543	674
543	689
543	692
543	702
543	717
543	719
543	721
543	723
543	728
543	730
543	731
543	732
543	733
543	765
543	790
543	804
543	819
543	820
543	821
543	834
543	841
543	842
543	854
543	855
543	857
543	862
543	880
543	881
543	884
543	885
543	886
543	903
543	925
543	936
544	950
545	632
545	633
545	634
545	668
545	860
545	868
545	872
545	873
546	623
546	641
546	642
546	647
546	648
546	649
546	650
546	689
546	692
546	702
546	819
546	820
546	841
546	842
546	854
546	912
547	625
548	744
548	763
548	764
548	790
548	939
548	944
549	724
549	741
550	740
551	771
551	937
552	864
552	877
553	741
554	765
554	825
554	901
555	787
557	578
557	580
557	592
557	613
557	717
557	819
557	820
557	834
557	881
557	884
557	885
557	886
557	891
558	642
558	647
558	648
558	649
558	650
558	657
558	660
558	730
558	731
558	748
558	750
558	767
558	819
558	820
558	841
558	842
558	863
558	867
558	876
558	878
558	903
559	560
559	561
559	562
559	707
559	956
560	561
560	562
560	563
560	639
560	640
560	707
560	956
561	562
561	563
561	639
561	640
561	707
561	956
562	707
562	956
563	578
563	580
563	581
563	717
563	763
563	764
563	881
563	884
563	885
563	886
564	779
565	583
565	604
565	630
565	726
565	727
565	828
566	583
566	586
566	603
566	604
566	605
566	669
566	719
566	721
566	723
566	727
566	781
566	826
567	570
567	610
567	613
567	661
567	665
567	941
568	670
568	765
568	855
568	857
568	866
569	570
569	795
570	665
570	747
570	897
570	898
570	899
570	900
571	578
571	728
571	730
571	731
571	819
571	820
571	834
571	954
573	574
573	575
573	576
573	583
573	609
573	727
574	575
574	576
574	609
574	769
574	945
575	576
575	583
575	609
575	727
576	583
576	609
576	727
578	580
578	581
578	612
578	613
578	617
578	623
578	639
578	640
578	642
578	647
578	648
578	649
578	650
578	657
578	671
578	672
578	674
578	681
578	689
578	691
578	692
578	702
578	711
578	717
578	725
578	728
578	730
578	731
578	756
578	758
578	765
578	774
578	782
578	790
578	799
578	816
578	819
578	820
578	834
578	840
578	841
578	842
578	846
578	854
578	855
578	857
578	858
578	862
578	881
578	884
578	885
578	886
578	889
578	903
578	917
578	934
578	954
579	636
579	671
579	672
579	673
579	674
579	688
579	756
579	813
579	849
580	592
580	613
580	623
580	637
580	642
580	647
580	648
580	649
580	650
580	657
580	671
580	672
580	673
580	674
580	688
580	689
580	692
580	702
580	717
580	725
580	728
580	730
580	731
580	756
580	765
580	790
580	799
580	813
580	816
580	819
580	820
580	821
580	834
580	840
580	841
580	842
580	854
580	858
580	862
580	881
580	884
580	885
580	886
580	890
580	903
580	917
580	919
581	717
581	827
581	858
581	881
581	884
581	885
581	886
582	585
582	588
583	604
583	606
583	630
583	669
583	727
583	781
583	786
583	810
583	826
583	845
586	587
586	604
586	669
586	718
586	719
586	720
586	721
586	722
586	723
587	669
587	720
587	722
587	826
587	892
589	590
589	622
589	624
589	633
589	708
589	752
589	904
589	945
590	624
590	633
590	692
590	708
590	752
590	773
590	874
590	888
590	902
590	904
591	792
591	891
592	613
592	732
592	733
592	819
592	820
592	834
592	898
593	594
593	610
593	613
593	665
593	766
593	835
593	915
594	610
594	613
594	665
594	879
594	941
596	698
596	699
596	726
596	727
596	853
596	931
596	950
597	599
597	631
597	652
597	654
597	667
597	760
597	762
597	783
597	785
598	652
598	654
598	844
599	631
599	652
599	654
599	667
600	607
600	609
600	671
600	672
600	674
600	753
600	754
600	756
600	891
601	607
601	866
602	784
603	604
603	781
603	814
603	815
603	817
603	818
603	930
603	951
604	605
604	630
604	669
604	727
604	781
604	826
605	898
607	671
607	672
607	674
607	756
607	757
607	866
609	769
609	945
610	613
610	661
610	665
610	712
610	879
610	915
610	935
610	941
611	809
611	811
611	836
612	642
612	681
612	730
612	731
612	758
612	765
612	819
612	820
613	661
613	665
613	717
613	819
613	820
613	834
613	879
613	881
613	884
613	885
613	886
613	915
613	941
614	751
614	845
616	945
617	758
617	917
617	920
617	947
618	943
619	862
619	888
621	680
621	907
622	945
623	642
623	657
623	689
623	692
623	702
623	728
623	782
623	813
623	819
623	820
623	834
623	854
623	925
624	632
624	633
624	634
624	668
624	697
624	708
624	748
624	752
624	773
624	779
624	847
624	868
624	874
624	876
624	878
624	902
624	904
624	961
625	772
629	735
629	813
630	726
630	727
631	652
631	654
631	667
632	633
632	634
632	668
632	708
632	752
632	773
632	860
632	868
632	873
632	874
632	902
633	634
633	668
633	708
633	746
633	752
633	773
633	779
633	860
633	868
633	902
633	904
633	961
634	668
634	708
634	752
634	773
634	779
634	868
634	873
634	874
634	902
636	646
636	647
636	648
636	649
636	650
636	671
636	672
636	674
636	841
636	842
636	849
636	867
637	642
637	658
637	676
637	677
637	679
637	688
637	689
637	702
637	819
637	820
637	854
637	917
637	919
637	925
637	947
638	834
638	908
639	640
639	689
639	854
639	889
639	928
640	689
640	854
640	889
640	928
641	682
641	912
642	647
642	648
642	649
642	650
642	657
642	688
642	689
642	692
642	702
642	730
642	731
642	750
642	819
642	820
642	833
642	834
642	841
642	842
642	854
642	919
644	710
645	843
647	648
647	649
647	650
647	657
647	689
647	690
647	702
647	730
647	731
647	750
647	765
647	819
647	820
647	834
647	841
647	842
647	854
647	867
647	903
648	649
648	650
648	657
648	689
648	690
648	702
648	730
648	731
648	750
648	765
648	819
648	820
648	834
648	841
648	842
648	854
648	867
648	903
649	650
649	657
649	689
649	690
649	702
649	730
649	731
649	750
649	765
649	819
649	820
649	834
649	841
649	842
649	854
649	867
649	903
650	657
650	689
650	690
650	702
650	730
650	731
650	750
650	765
650	819
650	820
650	834
650	841
650	842
650	854
650	867
650	903
652	654
652	667
653	793
653	897
653	899
653	900
654	667
657	671
657	672
657	673
657	674
657	688
657	689
657	692
657	702
657	719
657	721
657	723
657	728
657	730
657	731
657	756
657	765
657	790
657	792
657	799
657	813
657	819
657	820
657	821
657	834
657	841
657	842
657	854
657	862
657	863
657	867
657	880
657	889
657	903
657	934
658	919
658	925
659	660
659	685
659	709
659	829
659	830
659	831
659	832
660	685
660	825
660	829
660	830
660	831
660	832
660	846
661	665
661	747
661	776
661	795
661	879
661	941
662	739
662	744
662	790
662	852
662	874
662	887
662	888
662	939
663	935
664	691
664	804
664	840
664	908
664	910
664	937
665	712
665	747
665	787
665	879
665	898
665	915
665	935
665	941
668	708
668	752
668	773
668	860
668	868
668	873
668	874
668	902
669	720
669	722
669	781
669	826
670	760
670	855
670	857
670	866
671	672
671	673
671	674
671	688
671	689
671	702
671	711
671	756
671	757
671	790
671	799
671	813
671	819
671	820
671	821
671	834
671	849
671	854
671	891
671	903
671	934
672	673
672	674
672	688
672	689
672	702
672	711
672	756
672	757
672	790
672	799
672	813
672	819
672	820
672	821
672	834
672	849
672	854
672	891
672	903
672	934
673	674
673	688
673	692
673	711
673	756
673	757
673	790
673	799
673	813
673	819
673	820
673	849
673	894
673	895
673	934
673	939
673	944
674	688
674	689
674	702
674	711
674	756
674	757
674	790
674	799
674	813
674	819
674	820
674	821
674	834
674	849
674	854
674	891
674	903
674	934
675	772
676	677
676	678
676	679
676	850
676	919
677	678
677	679
677	850
677	919
678	679
679	850
679	919
680	730
680	731
680	907
680	934
680	954
681	819
681	820
684	848
685	709
685	829
685	830
685	831
685	832
687	869
688	689
688	702
688	711
688	756
688	757
688	799
688	813
688	819
688	820
688	849
688	854
688	919
688	928
688	944
689	692
689	702
689	728
689	730
689	731
689	765
689	790
689	813
689	819
689	820
689	834
689	841
689	842
689	854
689	861
689	862
689	903
689	919
689	925
689	928
689	944
690	691
690	790
690	819
690	820
690	839
690	841
690	842
691	790
691	792
691	819
691	820
691	839
691	840
691	855
691	857
691	909
691	910
691	937
692	702
692	790
692	813
692	819
692	820
692	834
692	854
692	862
692	888
692	894
692	895
692	925
692	944
693	694
693	858
693	916
694	858
694	916
695	703
696	839
696	909
696	910
697	708
697	752
697	773
699	799
699	950
700	736
700	798
700	932
701	713
701	714
701	865
701	959
702	728
702	730
702	731
702	748
702	765
702	790
702	801
702	802
702	813
702	819
702	820
702	834
702	841
702	842
702	854
702	862
702	876
702	878
702	903
702	919
702	925
703	774
703	877
704	935
707	956
708	748
708	752
708	773
708	779
708	847
708	868
708	874
708	876
708	878
708	902
708	904
708	961
709	788
709	808
709	830
711	756
711	757
711	790
711	799
711	813
711	840
711	889
711	934
711	937
712	915
713	714
713	739
715	911
717	763
717	764
717	816
717	819
717	820
717	821
717	834
717	858
717	881
717	882
717	883
717	884
717	885
717	886
717	903
718	719
718	720
718	721
718	722
718	723
718	834
718	867
719	720
719	721
719	722
719	723
719	819
719	820
719	821
719	834
719	867
719	880
720	721
720	722
720	723
720	781
720	834
720	867
721	722
721	723
721	819
721	820
721	821
721	834
721	867
721	880
722	723
722	781
722	834
722	867
723	819
723	820
723	821
723	834
723	867
723	880
724	803
724	928
725	774
725	775
725	819
725	820
725	840
725	846
725	862
725	883
725	917
726	727
728	730
728	731
728	750
728	819
728	820
728	834
728	854
728	925
728	954
729	847
730	731
730	750
730	819
730	820
730	834
730	841
730	842
730	854
730	954
731	750
731	819
731	820
731	834
731	841
731	842
731	854
731	954
732	733
732	898
732	941
733	898
733	941
734	737
734	822
734	823
734	858
734	894
734	895
736	798
736	932
737	893
738	855
738	857
739	744
739	792
739	805
739	872
739	889
742	846
742	855
742	857
742	866
743	940
747	787
747	897
747	898
747	899
747	900
748	752
748	765
748	767
748	801
748	802
748	861
748	863
748	874
748	876
748	878
748	880
750	767
750	819
750	820
750	841
750	842
750	903
750	954
752	773
752	779
752	847
752	868
752	874
752	876
752	878
752	902
752	904
752	961
753	754
755	929
756	757
756	799
756	813
756	819
756	820
756	849
756	891
756	934
757	799
757	813
758	795
758	917
760	765
760	784
760	785
760	814
760	815
760	817
760	818
760	846
760	852
760	951
762	913
763	764
763	840
764	840
765	767
765	784
765	785
765	814
765	815
765	817
765	818
765	819
765	820
765	825
765	834
765	841
765	842
765	854
765	861
765	863
765	866
765	867
765	878
765	880
765	903
765	951
766	835
767	863
767	876
767	878
767	880
769	945
771	862
773	801
773	802
773	868
773	902
773	904
774	775
774	819
774	820
774	825
774	846
774	862
774	877
776	863
778	779
779	961
781	810
781	811
781	812
781	826
781	837
781	949
782	925
783	784
784	785
784	835
785	814
785	815
785	817
785	818
785	846
785	948
785	951
786	789
787	898
790	792
790	819
790	820
790	834
790	839
790	840
790	854
790	862
790	889
790	890
790	909
790	934
790	937
791	792
791	889
792	805
792	839
792	840
792	889
792	909
792	937
793	795
793	797
797	906
798	932
799	813
799	819
799	820
799	858
799	891
799	934
801	802
801	863
801	876
801	878
802	876
802	878
803	894
803	895
804	805
804	889
804	915
805	889
809	811
809	812
809	836
809	837
809	949
810	811
810	812
810	836
810	837
810	949
811	812
811	836
811	837
811	949
812	836
812	837
812	949
813	819
813	820
813	822
813	823
813	844
813	849
813	854
813	894
813	895
814	815
814	816
814	817
814	818
814	858
814	881
814	884
814	885
814	886
814	916
814	920
814	930
814	948
814	951
815	816
815	817
815	818
815	858
815	881
815	884
815	885
815	886
815	916
815	920
815	930
815	948
815	951
816	817
816	818
816	819
816	820
816	846
816	858
816	881
816	882
816	883
816	884
816	885
816	886
816	903
816	916
816	930
816	951
817	818
817	858
817	881
817	884
817	885
817	886
817	916
817	920
817	930
817	948
817	951
818	858
818	881
818	884
818	885
818	886
818	916
818	920
818	930
818	948
818	951
819	820
819	821
819	825
819	834
819	840
819	841
819	842
819	846
819	854
819	855
819	857
819	858
819	862
819	863
819	867
819	880
819	881
819	884
819	885
819	886
819	903
819	917
819	919
819	925
819	934
819	954
820	821
820	825
820	834
820	840
820	841
820	842
820	846
820	854
820	855
820	857
820	858
820	862
820	863
820	867
820	880
820	881
820	884
820	885
820	886
820	903
820	917
820	919
820	925
820	934
820	954
821	834
821	859
821	880
821	903
822	823
822	824
822	844
822	894
822	895
822	942
823	824
823	844
823	894
823	895
823	942
824	942
825	829
825	831
825	832
825	846
825	862
826	828
829	830
829	831
829	832
830	831
830	832
831	832
833	937
834	841
834	842
834	854
834	855
834	857
834	862
834	880
834	881
834	884
834	885
834	886
834	903
834	925
836	837
836	949
837	949
839	840
839	909
839	910
839	937
840	909
840	910
840	937
841	842
841	854
841	867
841	903
842	854
842	867
842	903
846	862
846	877
847	902
854	861
854	862
854	903
854	919
854	925
854	928
854	944
855	856
855	857
855	866
855	921
856	857
856	921
856	924
857	866
857	921
858	881
858	884
858	885
858	886
858	916
858	951
859	880
859	930
860	861
860	868
861	878
862	934
863	867
863	876
863	878
863	880
864	877
865	872
868	873
868	874
868	902
872	873
874	876
874	878
874	904
875	935
876	878
878	880
879	935
879	941
879	955
880	892
880	930
881	882
881	883
881	884
881	885
881	886
881	916
881	951
882	883
882	884
882	885
882	886
883	884
883	885
883	886
884	885
884	886
884	916
884	951
885	886
885	916
885	951
886	916
886	951
893	894
893	895
894	895
894	939
895	939
896	935
897	898
897	899
897	900
898	899
898	900
898	941
899	900
902	903
902	904
905	922
908	910
909	910
909	937
916	951
917	919
917	947
919	925
919	947
920	947
920	948
920	951
921	924
930	951
931	950
934	937
935	941
939	944
947	948
948	951
957	958
957	959
958	959